,loudness_sma3_amean,equivalentSoundLevel_dBp,extraversion,neuroticism,agreeableness,conscientiousness,openness,labels_mean
loudness_sma3_amean,1.0,0.8359134138709065,0.2581732374933229,0.2968993370297659,0.19837059554436431,0.19684579871844074,0.29417122584926536,0.2874947914709761
equivalentSoundLevel_dBp,0.8359134138709065,1.0,0.20112510474680934,0.26899828197119685,0.19535404667428052,0.18409962128879714,0.24453288597922732,0.25240857075277806
extraversion,0.2581732374933229,0.20112510474680934,1.0,0.7946666065034217,0.7024978309197741,0.575959711688756,0.7712881123716588,0.8863501091910861
neuroticism,0.2968993370297659,0.26899828197119685,0.7946666065034217,1.0,0.7268333107553266,0.7138058644638723,0.7696341139620549,0.9249145851457525
agreeableness,0.19837059554436431,0.19535404667428052,0.7024978309197741,0.7268333107553266,1.0,0.6525519108315222,0.640596254549604,0.8510891123110795
conscientiousness,0.19684579871844074,0.18409962128879714,0.575959711688756,0.7138058644638723,0.6525519108315222,1.0,0.5687096643079622,0.8130717844442316
openness,0.29417122584926536,0.24453288597922732,0.7712881123716588,0.7696341139620549,0.640596254549604,0.5687096643079622,1.0,0.8638367045910992
labels_mean,0.2874947914709761,0.25240857075277806,0.8863501091910861,0.9249145851457525,0.8510891123110795,0.8130717844442316,0.8638367045910992,1.0
